Workbook

Sheet Datos
A1: ID | B1: Segmento | C1: Nombre | D1: Edad | E1: Distrito | F1: Rol | G1: Pago mín. (S/ mes) | H1: Pago máx. (S/ mes) | I1: Duración (min) | J1: Usa cuaderno/papel | K1: Usa Excel/hoja de cálculo | L1: Usa WhatsApp para pedidos/proveedores | M1: Usa smartphone como dispositivo principal | N1: Usa laptop/PC | O1: Usa redes sociales (Instagram/Facebook) | P1: Usa sensores/IoT | Q1: Dificultad en monitoreo de variables del proceso | R1: Errores/desfases en registros de stock o lotes | S1: Supervisión presencial frecuente en bodega | T1: Quedó sin stock con clientes esperando | U1: Frecuencia de quiebre (veces/mes, promedio) | V1: Abandonó una herramienta digital previa | W1: Decide reposición por experiencia/intuición | X1: Considera promociones de proveedores | Y1: Desea alertas automáticas en el celular | Z1: Dispuesto a pagar suscripción | AA1: Marcas de pisco que maneja (prom.) | AB1: Entrevistado (gráfico)
A2: 1 | B2: Productor | C2: Luciana Cueva | D2: 20 | E2: Lima | F2: Administración (negocio familiar) | G2: 50 | H2: 100 | I2: 11.45 | J2: S | K2: S | L2: S | M2: S | N2: N | O2: S | P2: N | Q2: S | R2: S | S2: NR | T2: NR | U2: NR | V2: NR | W2: NR | X2: NR | Y2: S | Z2: S | AA2: NR | AB2: ="E"&A2&" "&LEFT(C2,FIND(" ",C2&" ")-1)
A3: 2 | B3: Productor | C3: Mario Fernández | D3: 59 | E3: Santiago de Surco | F3: Propietario y productor | G3: 80 | H3: 100 | I3: 14.38 | J3: NR | K3: S | L3: NR | M3: S | N3: S | O3: S | P3: N | Q3: S | R3: NR | S3: S | T3: NR | U3: NR | V3: NR | W3: NR | X3: NR | Y3: NR | Z3: S | AA3: NR | AB3: ="E"&A3&" "&LEFT(C3,FIND(" ",C3&" ")-1)
A4: 3 | B4: Productor | C4: Stacy Guerra | D4: 19 | E4: La Victoria | F4: Administradora | G4: 60 | H4: 80 | I4: 25.85 | J4: S | K4: S | L4: S | M4: S | N4: N | O4: S | P4: N | Q4: S | R4: S | S4: S | T4: NR | U4: NR | V4: NR | W4: NR | X4: NR | Y4: S | Z4: S | AA4: NR | AB4: ="E"&A4&" "&LEFT(C4,FIND(" ",C4&" ")-1)
A5: 4 | B5: Comercializador | C5: Marco Vargas | D5: 22 | E5: San Miguel | F5: Propietario | G5: 40 | H5: 80 | I5: 8.92 | J5: S | K5: S | L5: S | M5: S | N5: N | O5: NR | P5: NR | Q5: NR | R5: NR | S5: NR | T5: S | U5: 1.5 | V5: NR | W5: S | X5: S | Y5: S | Z5: S | AA5: NR | AB5: ="E"&A5&" "&LEFT(C5,FIND(" ",C5&" ")-1)
A6: 5 | B6: Comercializador | C6: Carlos Moreno | D6: 29 | E6: Magdalena | F6: Administrador (con su hermano) | G6: 50 | H6: 80 | I6: 12.4 | J6: S | K6: S | L6: S | M6: S | N6: S | O6: NR | P6: NR | Q6: NR | R6: NR | S6: NR | T6: S | U6: 1.5 | V6: S | W6: S | X6: S | Y6: S | Z6: S | AA6: 9 | AB6: ="E"&A6&" "&LEFT(C6,FIND(" ",C6&" ")-1)
A7: 6 | B7: Comercializador | C7: Rubens Moreno | D7: 24 | E7: Comas | F7: Administrador | G7: 30 | H7: 80 | I7: 3.6 | J7: S | K7: S | L7: S | M7: S | N7: N | O7: NR | P7: NR | Q7: NR | R7: NR | S7: NR | T7: S | V7: S | W7: S | X7: NR | Y7: S | Z7: S | AA7: 10 | AB7: ="E"&A7&" "&LEFT(C7,FIND(" ",C7&" ")-1)
A8: 7 | B8: Comercializador | C8: Andrea Mendoza | D8: 41 | E8: Surquillo | F8: Administradora (con su familia) | G8: 40 | H8: 50 | I8: 6.18 | J8: S | K8: N | L8: S | M8: S | N8: N | O8: NR | P8: NR | Q8: NR | R8: NR | S8: NR | T8: S | U8: 2.5 | V8: S | W8: S | X8: N | Y8: S | Z8: S | AA8: 15 | AB8: ="E"&A8&" "&LEFT(C8,FIND(" ",C8&" ")-1)
A10: Leyenda: S = Sí; N = No; NR = no registrado en el resumen de la sección 2.2.2 (no se interpreta como «No»). Fuente: resúmenes de entrevistas del informe.

Sheet Segmento 1 Productor
A1: Estadísticas — Segmento Productor
A3: Variable | B3: Sí | C3: No | D3: NR | E3: n con dato | F3: % Sí sobre n total | G3: % Sí sobre n con dato
A4: Usa cuaderno/papel | B4: =COUNTIFS(Datos!$B$2:$B$8,"Productor",Datos!$J$2:$J$8,"S") | C4: =COUNTIFS(Datos!$B$2:$B$8,"Productor",Datos!$J$2:$J$8,"N") | D4: =COUNTIFS(Datos!$B$2:$B$8,"Productor",Datos!$J$2:$J$8,"NR") | E4: =B4+C4 | F4: =B4/COUNTIF(Datos!$B$2:$B$8,"Productor") | G4: =IF(E4=0,"s/d",B4/E4)
A5: Usa Excel/hoja de cálculo | B5: =COUNTIFS(Datos!$B$2:$B$8,"Productor",Datos!$K$2:$K$8,"S") | C5: =COUNTIFS(Datos!$B$2:$B$8,"Productor",Datos!$K$2:$K$8,"N") | D5: =COUNTIFS(Datos!$B$2:$B$8,"Productor",Datos!$K$2:$K$8,"NR") | E5: =B5+C5 | F5: =B5/COUNTIF(Datos!$B$2:$B$8,"Productor") | G5: =IF(E5=0,"s/d",B5/E5)
A6: Usa WhatsApp para pedidos/proveedores | B6: =COUNTIFS(Datos!$B$2:$B$8,"Productor",Datos!$L$2:$L$8,"S") | C6: =COUNTIFS(Datos!$B$2:$B$8,"Productor",Datos!$L$2:$L$8,"N") | D6: =COUNTIFS(Datos!$B$2:$B$8,"Productor",Datos!$L$2:$L$8,"NR") | E6: =B6+C6 | F6: =B6/COUNTIF(Datos!$B$2:$B$8,"Productor") | G6: =IF(E6=0,"s/d",B6/E6)
A7: Usa smartphone como dispositivo principal | B7: =COUNTIFS(Datos!$B$2:$B$8,"Productor",Datos!$M$2:$M$8,"S") | C7: =COUNTIFS(Datos!$B$2:$B$8,"Productor",Datos!$M$2:$M$8,"N") | D7: =COUNTIFS(Datos!$B$2:$B$8,"Productor",Datos!$M$2:$M$8,"NR") | E7: =B7+C7 | F7: =B7/COUNTIF(Datos!$B$2:$B$8,"Productor") | G7: =IF(E7=0,"s/d",B7/E7)
A8: Usa laptop/PC | B8: =COUNTIFS(Datos!$B$2:$B$8,"Productor",Datos!$N$2:$N$8,"S") | C8: =COUNTIFS(Datos!$B$2:$B$8,"Productor",Datos!$N$2:$N$8,"N") | D8: =COUNTIFS(Datos!$B$2:$B$8,"Productor",Datos!$N$2:$N$8,"NR") | E8: =B8+C8 | F8: =B8/COUNTIF(Datos!$B$2:$B$8,"Productor") | G8: =IF(E8=0,"s/d",B8/E8)
A9: Desea alertas automáticas en el celular | B9: =COUNTIFS(Datos!$B$2:$B$8,"Productor",Datos!$Y$2:$Y$8,"S") | C9: =COUNTIFS(Datos!$B$2:$B$8,"Productor",Datos!$Y$2:$Y$8,"N") | D9: =COUNTIFS(Datos!$B$2:$B$8,"Productor",Datos!$Y$2:$Y$8,"NR") | E9: =B9+C9 | F9: =B9/COUNTIF(Datos!$B$2:$B$8,"Productor") | G9: =IF(E9=0,"s/d",B9/E9)
A10: Dispuesto a pagar suscripción | B10: =COUNTIFS(Datos!$B$2:$B$8,"Productor",Datos!$Z$2:$Z$8,"S") | C10: =COUNTIFS(Datos!$B$2:$B$8,"Productor",Datos!$Z$2:$Z$8,"N") | D10: =COUNTIFS(Datos!$B$2:$B$8,"Productor",Datos!$Z$2:$Z$8,"NR") | E10: =B10+C10 | F10: =B10/COUNTIF(Datos!$B$2:$B$8,"Productor") | G10: =IF(E10=0,"s/d",B10/E10)
A11: Usa redes sociales (Instagram/Facebook) | B11: =COUNTIFS(Datos!$B$2:$B$8,"Productor",Datos!$O$2:$O$8,"S") | C11: =COUNTIFS(Datos!$B$2:$B$8,"Productor",Datos!$O$2:$O$8,"N") | D11: =COUNTIFS(Datos!$B$2:$B$8,"Productor",Datos!$O$2:$O$8,"NR") | E11: =B11+C11 | F11: =B11/COUNTIF(Datos!$B$2:$B$8,"Productor") | G11: =IF(E11=0,"s/d",B11/E11)
A12: Usa sensores/IoT | B12: =COUNTIFS(Datos!$B$2:$B$8,"Productor",Datos!$P$2:$P$8,"S") | C12: =COUNTIFS(Datos!$B$2:$B$8,"Productor",Datos!$P$2:$P$8,"N") | D12: =COUNTIFS(Datos!$B$2:$B$8,"Productor",Datos!$P$2:$P$8,"NR") | E12: =B12+C12 | F12: =B12/COUNTIF(Datos!$B$2:$B$8,"Productor") | G12: =IF(E12=0,"s/d",B12/E12)
A13: Dificultad en monitoreo de variables del proceso | B13: =COUNTIFS(Datos!$B$2:$B$8,"Productor",Datos!$Q$2:$Q$8,"S") | C13: =COUNTIFS(Datos!$B$2:$B$8,"Productor",Datos!$Q$2:$Q$8,"N") | D13: =COUNTIFS(Datos!$B$2:$B$8,"Productor",Datos!$Q$2:$Q$8,"NR") | E13: =B13+C13 | F13: =B13/COUNTIF(Datos!$B$2:$B$8,"Productor") | G13: =IF(E13=0,"s/d",B13/E13)
A14: Errores/desfases en registros de stock o lotes | B14: =COUNTIFS(Datos!$B$2:$B$8,"Productor",Datos!$R$2:$R$8,"S") | C14: =COUNTIFS(Datos!$B$2:$B$8,"Productor",Datos!$R$2:$R$8,"N") | D14: =COUNTIFS(Datos!$B$2:$B$8,"Productor",Datos!$R$2:$R$8,"NR") | E14: =B14+C14 | F14: =B14/COUNTIF(Datos!$B$2:$B$8,"Productor") | G14: =IF(E14=0,"s/d",B14/E14)
A15: Supervisión presencial frecuente en bodega | B15: =COUNTIFS(Datos!$B$2:$B$8,"Productor",Datos!$S$2:$S$8,"S") | C15: =COUNTIFS(Datos!$B$2:$B$8,"Productor",Datos!$S$2:$S$8,"N") | D15: =COUNTIFS(Datos!$B$2:$B$8,"Productor",Datos!$S$2:$S$8,"NR") | E15: =B15+C15 | F15: =B15/COUNTIF(Datos!$B$2:$B$8,"Productor") | G15: =IF(E15=0,"s/d",B15/E15)
A16: Quedó sin stock con clientes esperando | B16: =COUNTIFS(Datos!$B$2:$B$8,"Productor",Datos!$T$2:$T$8,"S") | C16: =COUNTIFS(Datos!$B$2:$B$8,"Productor",Datos!$T$2:$T$8,"N") | D16: =COUNTIFS(Datos!$B$2:$B$8,"Productor",Datos!$T$2:$T$8,"NR") | E16: =B16+C16 | F16: =B16/COUNTIF(Datos!$B$2:$B$8,"Productor") | G16: =IF(E16=0,"s/d",B16/E16)
A17: Abandonó una herramienta digital previa | B17: =COUNTIFS(Datos!$B$2:$B$8,"Productor",Datos!$V$2:$V$8,"S") | C17: =COUNTIFS(Datos!$B$2:$B$8,"Productor",Datos!$V$2:$V$8,"N") | D17: =COUNTIFS(Datos!$B$2:$B$8,"Productor",Datos!$V$2:$V$8,"NR") | E17: =B17+C17 | F17: =B17/COUNTIF(Datos!$B$2:$B$8,"Productor") | G17: =IF(E17=0,"s/d",B17/E17)
A18: Decide reposición por experiencia/intuición | B18: =COUNTIFS(Datos!$B$2:$B$8,"Productor",Datos!$W$2:$W$8,"S") | C18: =COUNTIFS(Datos!$B$2:$B$8,"Productor",Datos!$W$2:$W$8,"N") | D18: =COUNTIFS(Datos!$B$2:$B$8,"Productor",Datos!$W$2:$W$8,"NR") | E18: =B18+C18 | F18: =B18/COUNTIF(Datos!$B$2:$B$8,"Productor") | G18: =IF(E18=0,"s/d",B18/E18)
A19: Considera promociones de proveedores | B19: =COUNTIFS(Datos!$B$2:$B$8,"Productor",Datos!$X$2:$X$8,"S") | C19: =COUNTIFS(Datos!$B$2:$B$8,"Productor",Datos!$X$2:$X$8,"N") | D19: =COUNTIFS(Datos!$B$2:$B$8,"Productor",Datos!$X$2:$X$8,"NR") | E19: =B19+C19 | F19: =B19/COUNTIF(Datos!$B$2:$B$8,"Productor") | G19: =IF(E19=0,"s/d",B19/E19)
A22: Medidas numéricas
A23: Entrevistados (n) | B23: =COUNTIF(Datos!$B$2:$B$8,"Productor")
A24: Edad mínima | B24: =_xlfn.MINIFS(Datos!$D$2:$D$8,Datos!$B$2:$B$8,"Productor")
A25: Edad máxima | B25: =_xlfn.MAXIFS(Datos!$D$2:$D$8,Datos!$B$2:$B$8,"Productor")
A26: Edad promedio | B26: =AVERAGEIFS(Datos!$D$2:$D$8,Datos!$B$2:$B$8,"Productor")
A27: Pago mínimo propuesto (promedio, S/) | B27: =AVERAGEIFS(Datos!$G$2:$G$8,Datos!$B$2:$B$8,"Productor")
A28: Pago máximo propuesto (promedio, S/) | B28: =AVERAGEIFS(Datos!$H$2:$H$8,Datos!$B$2:$B$8,"Productor")
A29: Pago medio del rango (promedio, S/) | B29: =(AVERAGEIFS(Datos!$G$2:$G$8,Datos!$B$2:$B$8,"Productor")+AVERAGEIFS(Datos!$H$2:$H$8,Datos!$B$2:$B$8,"Productor"))/2
A30: Duración promedio de entrevista (min) | B30: =AVERAGEIFS(Datos!$I$2:$I$8,Datos!$B$2:$B$8,"Productor")
A31: Frecuencia de quiebre de stock promedio (veces/mes) | B31: =IFERROR(AVERAGEIFS(Datos!$U$2:$U$8,Datos!$B$2:$B$8,"Productor"),"s/d")

Sheet Segmento 2 Comercializador
A1: Estadísticas — Segmento Comercializador
A3: Variable | B3: Sí | C3: No | D3: NR | E3: n con dato | F3: % Sí sobre n total | G3: % Sí sobre n con dato
A4: Usa cuaderno/papel | B4: =COUNTIFS(Datos!$B$2:$B$8,"Comercializador",Datos!$J$2:$J$8,"S") | C4: =COUNTIFS(Datos!$B$2:$B$8,"Comercializador",Datos!$J$2:$J$8,"N") | D4: =COUNTIFS(Datos!$B$2:$B$8,"Comercializador",Datos!$J$2:$J$8,"NR") | E4: =B4+C4 | F4: =B4/COUNTIF(Datos!$B$2:$B$8,"Comercializador") | G4: =IF(E4=0,"s/d",B4/E4)
A5: Usa Excel/hoja de cálculo | B5: =COUNTIFS(Datos!$B$2:$B$8,"Comercializador",Datos!$K$2:$K$8,"S") | C5: =COUNTIFS(Datos!$B$2:$B$8,"Comercializador",Datos!$K$2:$K$8,"N") | D5: =COUNTIFS(Datos!$B$2:$B$8,"Comercializador",Datos!$K$2:$K$8,"NR") | E5: =B5+C5 | F5: =B5/COUNTIF(Datos!$B$2:$B$8,"Comercializador") | G5: =IF(E5=0,"s/d",B5/E5)
A6: Usa WhatsApp para pedidos/proveedores | B6: =COUNTIFS(Datos!$B$2:$B$8,"Comercializador",Datos!$L$2:$L$8,"S") | C6: =COUNTIFS(Datos!$B$2:$B$8,"Comercializador",Datos!$L$2:$L$8,"N") | D6: =COUNTIFS(Datos!$B$2:$B$8,"Comercializador",Datos!$L$2:$L$8,"NR") | E6: =B6+C6 | F6: =B6/COUNTIF(Datos!$B$2:$B$8,"Comercializador") | G6: =IF(E6=0,"s/d",B6/E6)
A7: Usa smartphone como dispositivo principal | B7: =COUNTIFS(Datos!$B$2:$B$8,"Comercializador",Datos!$M$2:$M$8,"S") | C7: =COUNTIFS(Datos!$B$2:$B$8,"Comercializador",Datos!$M$2:$M$8,"N") | D7: =COUNTIFS(Datos!$B$2:$B$8,"Comercializador",Datos!$M$2:$M$8,"NR") | E7: =B7+C7 | F7: =B7/COUNTIF(Datos!$B$2:$B$8,"Comercializador") | G7: =IF(E7=0,"s/d",B7/E7)
A8: Usa laptop/PC | B8: =COUNTIFS(Datos!$B$2:$B$8,"Comercializador",Datos!$N$2:$N$8,"S") | C8: =COUNTIFS(Datos!$B$2:$B$8,"Comercializador",Datos!$N$2:$N$8,"N") | D8: =COUNTIFS(Datos!$B$2:$B$8,"Comercializador",Datos!$N$2:$N$8,"NR") | E8: =B8+C8 | F8: =B8/COUNTIF(Datos!$B$2:$B$8,"Comercializador") | G8: =IF(E8=0,"s/d",B8/E8)
A9: Desea alertas automáticas en el celular | B9: =COUNTIFS(Datos!$B$2:$B$8,"Comercializador",Datos!$Y$2:$Y$8,"S") | C9: =COUNTIFS(Datos!$B$2:$B$8,"Comercializador",Datos!$Y$2:$Y$8,"N") | D9: =COUNTIFS(Datos!$B$2:$B$8,"Comercializador",Datos!$Y$2:$Y$8,"NR") | E9: =B9+C9 | F9: =B9/COUNTIF(Datos!$B$2:$B$8,"Comercializador") | G9: =IF(E9=0,"s/d",B9/E9)
A10: Dispuesto a pagar suscripción | B10: =COUNTIFS(Datos!$B$2:$B$8,"Comercializador",Datos!$Z$2:$Z$8,"S") | C10: =COUNTIFS(Datos!$B$2:$B$8,"Comercializador",Datos!$Z$2:$Z$8,"N") | D10: =COUNTIFS(Datos!$B$2:$B$8,"Comercializador",Datos!$Z$2:$Z$8,"NR") | E10: =B10+C10 | F10: =B10/COUNTIF(Datos!$B$2:$B$8,"Comercializador") | G10: =IF(E10=0,"s/d",B10/E10)
A11: Usa redes sociales (Instagram/Facebook) | B11: =COUNTIFS(Datos!$B$2:$B$8,"Comercializador",Datos!$O$2:$O$8,"S") | C11: =COUNTIFS(Datos!$B$2:$B$8,"Comercializador",Datos!$O$2:$O$8,"N") | D11: =COUNTIFS(Datos!$B$2:$B$8,"Comercializador",Datos!$O$2:$O$8,"NR") | E11: =B11+C11 | F11: =B11/COUNTIF(Datos!$B$2:$B$8,"Comercializador") | G11: =IF(E11=0,"s/d",B11/E11)
A12: Usa sensores/IoT | B12: =COUNTIFS(Datos!$B$2:$B$8,"Comercializador",Datos!$P$2:$P$8,"S") | C12: =COUNTIFS(Datos!$B$2:$B$8,"Comercializador",Datos!$P$2:$P$8,"N") | D12: =COUNTIFS(Datos!$B$2:$B$8,"Comercializador",Datos!$P$2:$P$8,"NR") | E12: =B12+C12 | F12: =B12/COUNTIF(Datos!$B$2:$B$8,"Comercializador") | G12: =IF(E12=0,"s/d",B12/E12)
A13: Dificultad en monitoreo de variables del proceso | B13: =COUNTIFS(Datos!$B$2:$B$8,"Comercializador",Datos!$Q$2:$Q$8,"S") | C13: =COUNTIFS(Datos!$B$2:$B$8,"Comercializador",Datos!$Q$2:$Q$8,"N") | D13: =COUNTIFS(Datos!$B$2:$B$8,"Comercializador",Datos!$Q$2:$Q$8,"NR") | E13: =B13+C13 | F13: =B13/COUNTIF(Datos!$B$2:$B$8,"Comercializador") | G13: =IF(E13=0,"s/d",B13/E13)
A14: Errores/desfases en registros de stock o lotes | B14: =COUNTIFS(Datos!$B$2:$B$8,"Comercializador",Datos!$R$2:$R$8,"S") | C14: =COUNTIFS(Datos!$B$2:$B$8,"Comercializador",Datos!$R$2:$R$8,"N") | D14: =COUNTIFS(Datos!$B$2:$B$8,"Comercializador",Datos!$R$2:$R$8,"NR") | E14: =B14+C14 | F14: =B14/COUNTIF(Datos!$B$2:$B$8,"Comercializador") | G14: =IF(E14=0,"s/d",B14/E14)
A15: Supervisión presencial frecuente en bodega | B15: =COUNTIFS(Datos!$B$2:$B$8,"Comercializador",Datos!$S$2:$S$8,"S") | C15: =COUNTIFS(Datos!$B$2:$B$8,"Comercializador",Datos!$S$2:$S$8,"N") | D15: =COUNTIFS(Datos!$B$2:$B$8,"Comercializador",Datos!$S$2:$S$8,"NR") | E15: =B15+C15 | F15: =B15/COUNTIF(Datos!$B$2:$B$8,"Comercializador") | G15: =IF(E15=0,"s/d",B15/E15)
A16: Quedó sin stock con clientes esperando | B16: =COUNTIFS(Datos!$B$2:$B$8,"Comercializador",Datos!$T$2:$T$8,"S") | C16: =COUNTIFS(Datos!$B$2:$B$8,"Comercializador",Datos!$T$2:$T$8,"N") | D16: =COUNTIFS(Datos!$B$2:$B$8,"Comercializador",Datos!$T$2:$T$8,"NR") | E16: =B16+C16 | F16: =B16/COUNTIF(Datos!$B$2:$B$8,"Comercializador") | G16: =IF(E16=0,"s/d",B16/E16)
A17: Abandonó una herramienta digital previa | B17: =COUNTIFS(Datos!$B$2:$B$8,"Comercializador",Datos!$V$2:$V$8,"S") | C17: =COUNTIFS(Datos!$B$2:$B$8,"Comercializador",Datos!$V$2:$V$8,"N") | D17: =COUNTIFS(Datos!$B$2:$B$8,"Comercializador",Datos!$V$2:$V$8,"NR") | E17: =B17+C17 | F17: =B17/COUNTIF(Datos!$B$2:$B$8,"Comercializador") | G17: =IF(E17=0,"s/d",B17/E17)
A18: Decide reposición por experiencia/intuición | B18: =COUNTIFS(Datos!$B$2:$B$8,"Comercializador",Datos!$W$2:$W$8,"S") | C18: =COUNTIFS(Datos!$B$2:$B$8,"Comercializador",Datos!$W$2:$W$8,"N") | D18: =COUNTIFS(Datos!$B$2:$B$8,"Comercializador",Datos!$W$2:$W$8,"NR") | E18: =B18+C18 | F18: =B18/COUNTIF(Datos!$B$2:$B$8,"Comercializador") | G18: =IF(E18=0,"s/d",B18/E18)
A19: Considera promociones de proveedores | B19: =COUNTIFS(Datos!$B$2:$B$8,"Comercializador",Datos!$X$2:$X$8,"S") | C19: =COUNTIFS(Datos!$B$2:$B$8,"Comercializador",Datos!$X$2:$X$8,"N") | D19: =COUNTIFS(Datos!$B$2:$B$8,"Comercializador",Datos!$X$2:$X$8,"NR") | E19: =B19+C19 | F19: =B19/COUNTIF(Datos!$B$2:$B$8,"Comercializador") | G19: =IF(E19=0,"s/d",B19/E19)
A22: Medidas numéricas
A23: Entrevistados (n) | B23: =COUNTIF(Datos!$B$2:$B$8,"Comercializador")
A24: Edad mínima | B24: =_xlfn.MINIFS(Datos!$D$2:$D$8,Datos!$B$2:$B$8,"Comercializador")
A25: Edad máxima | B25: =_xlfn.MAXIFS(Datos!$D$2:$D$8,Datos!$B$2:$B$8,"Comercializador")
A26: Edad promedio | B26: =AVERAGEIFS(Datos!$D$2:$D$8,Datos!$B$2:$B$8,"Comercializador")
A27: Pago mínimo propuesto (promedio, S/) | B27: =AVERAGEIFS(Datos!$G$2:$G$8,Datos!$B$2:$B$8,"Comercializador")
A28: Pago máximo propuesto (promedio, S/) | B28: =AVERAGEIFS(Datos!$H$2:$H$8,Datos!$B$2:$B$8,"Comercializador")
A29: Pago medio del rango (promedio, S/) | B29: =(AVERAGEIFS(Datos!$G$2:$G$8,Datos!$B$2:$B$8,"Comercializador")+AVERAGEIFS(Datos!$H$2:$H$8,Datos!$B$2:$B$8,"Comercializador"))/2
A30: Duración promedio de entrevista (min) | B30: =AVERAGEIFS(Datos!$I$2:$I$8,Datos!$B$2:$B$8,"Comercializador")
A31: Frecuencia de quiebre de stock promedio (veces/mes) | B31: =IFERROR(AVERAGEIFS(Datos!$U$2:$U$8,Datos!$B$2:$B$8,"Comercializador"),"s/d")

Sheet Comparativo
A1: Comparativo entre segmentos (% de entrevistados que mencionaron el aspecto sobre el n total de cada segmento; s/d = no se indagó en ese segmento)
A3: Variable | B3: Productor (n=3) | C3: Comercializador (n=4) | D3: Diferencia (pp) = Productor − Comercializador
A4: Usa cuaderno/papel | B4: =IF('Segmento 1 Productor'!E4=0,"s/d",'Segmento 1 Productor'!F4) | C4: =IF('Segmento 2 Comercializador'!E4=0,"s/d",'Segmento 2 Comercializador'!F4) | D4: =IF(OR(B4="s/d",C4="s/d"),"s/d",(B4-C4)*100)
A5: Usa Excel/hoja de cálculo | B5: =IF('Segmento 1 Productor'!E5=0,"s/d",'Segmento 1 Productor'!F5) | C5: =IF('Segmento 2 Comercializador'!E5=0,"s/d",'Segmento 2 Comercializador'!F5) | D5: =IF(OR(B5="s/d",C5="s/d"),"s/d",(B5-C5)*100)
A6: Usa WhatsApp para pedidos/proveedores | B6: =IF('Segmento 1 Productor'!E6=0,"s/d",'Segmento 1 Productor'!F6) | C6: =IF('Segmento 2 Comercializador'!E6=0,"s/d",'Segmento 2 Comercializador'!F6) | D6: =IF(OR(B6="s/d",C6="s/d"),"s/d",(B6-C6)*100)
A7: Usa smartphone como dispositivo principal | B7: =IF('Segmento 1 Productor'!E7=0,"s/d",'Segmento 1 Productor'!F7) | C7: =IF('Segmento 2 Comercializador'!E7=0,"s/d",'Segmento 2 Comercializador'!F7) | D7: =IF(OR(B7="s/d",C7="s/d"),"s/d",(B7-C7)*100)
A8: Usa laptop/PC | B8: =IF('Segmento 1 Productor'!E8=0,"s/d",'Segmento 1 Productor'!F8) | C8: =IF('Segmento 2 Comercializador'!E8=0,"s/d",'Segmento 2 Comercializador'!F8) | D8: =IF(OR(B8="s/d",C8="s/d"),"s/d",(B8-C8)*100)
A9: Desea alertas automáticas en el celular | B9: =IF('Segmento 1 Productor'!E9=0,"s/d",'Segmento 1 Productor'!F9) | C9: =IF('Segmento 2 Comercializador'!E9=0,"s/d",'Segmento 2 Comercializador'!F9) | D9: =IF(OR(B9="s/d",C9="s/d"),"s/d",(B9-C9)*100)
A10: Dispuesto a pagar suscripción | B10: =IF('Segmento 1 Productor'!E10=0,"s/d",'Segmento 1 Productor'!F10) | C10: =IF('Segmento 2 Comercializador'!E10=0,"s/d",'Segmento 2 Comercializador'!F10) | D10: =IF(OR(B10="s/d",C10="s/d"),"s/d",(B10-C10)*100)
A11: Usa redes sociales (Instagram/Facebook) | B11: =IF('Segmento 1 Productor'!E11=0,"s/d",'Segmento 1 Productor'!F11) | C11: =IF('Segmento 2 Comercializador'!E11=0,"s/d",'Segmento 2 Comercializador'!F11) | D11: =IF(OR(B11="s/d",C11="s/d"),"s/d",(B11-C11)*100)
A12: Usa sensores/IoT | B12: =IF('Segmento 1 Productor'!E12=0,"s/d",'Segmento 1 Productor'!F12) | C12: =IF('Segmento 2 Comercializador'!E12=0,"s/d",'Segmento 2 Comercializador'!F12) | D12: =IF(OR(B12="s/d",C12="s/d"),"s/d",(B12-C12)*100)
A13: Dificultad en monitoreo de variables del proceso | B13: =IF('Segmento 1 Productor'!E13=0,"s/d",'Segmento 1 Productor'!F13) | C13: =IF('Segmento 2 Comercializador'!E13=0,"s/d",'Segmento 2 Comercializador'!F13) | D13: =IF(OR(B13="s/d",C13="s/d"),"s/d",(B13-C13)*100)
A14: Errores/desfases en registros de stock o lotes | B14: =IF('Segmento 1 Productor'!E14=0,"s/d",'Segmento 1 Productor'!F14) | C14: =IF('Segmento 2 Comercializador'!E14=0,"s/d",'Segmento 2 Comercializador'!F14) | D14: =IF(OR(B14="s/d",C14="s/d"),"s/d",(B14-C14)*100)
A15: Supervisión presencial frecuente en bodega | B15: =IF('Segmento 1 Productor'!E15=0,"s/d",'Segmento 1 Productor'!F15) | C15: =IF('Segmento 2 Comercializador'!E15=0,"s/d",'Segmento 2 Comercializador'!F15) | D15: =IF(OR(B15="s/d",C15="s/d"),"s/d",(B15-C15)*100)
... A19: Considera promociones de proveedores | B19: =IF('Segmento 1 Productor'!E19=0,"s/d",'Segmento 1 Productor'!F19) | C19: =IF('Segmento 2 Comercializador'!E19=0,"s/d",'Segmento 2 Comercializador'!F19) | D19: =IF(OR(B19="s/d",C19="s/d"),"s/d",(B19-C19)*100)

Sheet Disposición de pago
A1: ID | B1: Segmento | C1: Nombre | D1: Pago mín. | E1: Pago máx. | F1: Punto medio | G1: Rango (máx − mín) | H1: Entrevistado
A2: =Datos!A2 | B2: =Datos!B2 | C2: =Datos!C2 | D2: =Datos!G2 | E2: =Datos!H2 | F2: =(D2+E2)/2 | G2: =E2-D2 | H2: ="E"&A2&" "&LEFT(C2,FIND(" ",C2&" ")-1)
A3: =Datos!A3 | B3: =Datos!B3 | C3: =Datos!C3 | D3: =Datos!G3 | E3: =Datos!H3 | F3: =(D3+E3)/2 | G3: =E3-D3 | H3: ="E"&A3&" "&LEFT(C3,FIND(" ",C3&" ")-1)
A4: =Datos!A4 | B4: =Datos!B4 | C4: =Datos!C4 | D4: =Datos!G4 | E4: =Datos!H4 | F4: =(D4+E4)/2 | G4: =E4-D4 | H4: ="E"&A4&" "&LEFT(C4,FIND(" ",C4&" ")-1)
A5: =Datos!A5 | B5: =Datos!B5 | C5: =Datos!C5 | D5: =Datos!G5 | E5: =Datos!H5 | F5: =(D5+E5)/2 | G5: =E5-D5 | H5: ="E"&A5&" "&LEFT(C5,FIND(" ",C5&" ")-1)
A6: =Datos!A6 | B6: =Datos!B6 | C6: =Datos!C6 | D6: =Datos!G6 | E6: =Datos!H6 | F6: =(D6+E6)/2 | G6: =E6-D6 | H6: ="E"&A6&" "&LEFT(C6,FIND(" ",C6&" ")-1)
A7: =Datos!A7 | B7: =Datos!B7 | C7: =Datos!C7 | D7: =Datos!G7 | E7: =Datos!H7 | F7: =(D7+E7)/2 | G7: =E7-D7 | H7: ="E"&A7&" "&LEFT(C7,FIND(" ",C7&" ")-1)
A8: =Datos!A8 | B8: =Datos!B8 | C8: =Datos!C8 | D8: =Datos!G8 | E8: =Datos!H8 | F8: =(D8+E8)/2 | G8: =E8-D8 | H8: ="E"&A8&" "&LEFT(C8,FIND(" ",C8&" ")-1)
A10: Promedio general (punto medio) | F10: =AVERAGE(F2:F8)
A11: Mediana general (punto medio) | F11: =MEDIAN(F2:F8)

Sheet Gráficos
A1: Gráficos del análisis de entrevistas (se actualizan solos con las hojas de datos)
